modelo,tipo,resposta_esperada,ic_inf,ic_sup,vs_mens_pp,z_pareado,pct_nenhum,pct_mens,pct_womens
Nenhum e-mail,tratamento único,0.578849,0.392509,0.765188,-0.672716,-3.976885,100.000000,0.000000,0.000000
Mens para todos,tratamento único,1.251564,0.977873,1.525256,0.000000,0.000000,0.000000,100.000000,0.000000
Womens para todos,tratamento único,0.888404,0.658108,1.118700,-0.363160,-1.986479,0.000000,0.000000,100.000000
UDCF,modelo,1.298147,1.019468,1.576826,0.046583,0.994998,0.000000,92.020833,7.979167
UDCF default,modelo,1.251564,0.977873,1.525256,0.000000,0.000000,0.000000,100.000000,0.000000
Ablação,modelo,1.328968,1.047064,1.610872,0.077403,1.034007,1.666667,82.640625,15.692708
MBCF,modelo,1.266799,0.991499,1.542100,0.015235,0.270626,0.375000,88.348958,11.276042
Chi,modelo,1.282619,1.005593,1.559646,0.031055,0.812406,0.276042,94.864583,4.859375
ED,modelo,1.345022,1.061384,1.628661,0.093458,1.728350,1.604167,90.406250,7.989583
CTS,modelo,1.235452,0.963572,1.507331,-0.016113,-0.250227,0.260417,85.682292,14.057292
