fracao_tratada,UDCF,UDCF default,UDCF sem intra-split,MBCF,Chi,ED,CTS
0.000000,0.578849,0.578849,0.578849,0.578849,0.578849,0.578849,0.578849
0.010000,0.563204,0.594493,0.594493,0.610138,0.594493,0.610138,0.578849
0.020000,0.578849,0.594493,0.594493,0.625782,0.594493,0.641427,0.594493
0.030000,0.625782,0.610138,0.578849,0.610138,0.594493,0.625782,0.594493
0.040000,0.625782,0.610138,0.594493,0.641427,0.625782,0.625782,0.578849
0.050000,0.625782,0.625782,0.594493,0.625782,0.641427,0.641427,0.625782
0.060000,0.610138,0.625782,0.578849,0.594493,0.719650,0.657071,0.625782
0.070000,0.610138,0.610138,0.578849,0.610138,0.704005,0.688360,0.594493
0.080000,0.625782,0.625782,0.641427,0.610138,0.735294,0.688360,0.578849
0.090000,0.641427,0.641427,0.641427,0.594493,0.750939,0.704005,0.578849
0.100000,0.641427,0.641427,0.641427,0.594493,0.750939,0.704005,0.578849
0.110000,0.641427,0.610138,0.625782,0.610079,0.750939,0.719650,0.625782
0.120000,0.657071,0.625782,0.610138,0.594435,0.750939,0.735294,0.641427
0.130000,0.625782,0.641427,0.594493,0.594435,0.750939,0.782228,0.641427
0.140000,0.625782,0.657071,0.610138,0.610079,0.766583,0.766583,0.657071
0.150000,0.672716,0.657071,0.641368,0.625724,0.782228,0.750939,0.657071
0.160000,0.672716,0.641427,0.641368,0.672657,0.797872,0.766525,0.657071
0.170000,0.704005,0.657071,0.657013,0.703946,0.797872,0.782169,0.672716
0.180000,0.688360,0.672716,0.672657,0.750822,0.813517,0.829103,0.672716
0.190000,0.704005,0.688360,0.688302,0.750822,0.829161,0.829103,0.657071
0.200000,0.735294,0.704005,0.703946,0.782111,0.844806,0.813458,0.672716
0.210000,0.750939,0.719650,0.766525,0.829044,0.844806,0.813458,0.719650
0.220000,0.766583,0.766583,0.782169,0.844689,0.844806,0.829103,0.719650
0.230000,0.782228,0.766583,0.797814,0.844689,0.797872,0.829103,0.704005
0.240000,0.782228,0.766583,0.829044,0.813400,0.797872,0.860392,0.704005
0.250000,0.782228,0.766583,0.828986,0.829044,0.813517,0.860392,0.704005
0.260000,0.782228,0.766583,0.844630,0.844689,0.829161,0.860334,0.735294
0.270000,0.797872,0.750939,0.875920,0.829044,0.844806,0.844689,0.750880
0.280000,0.813517,0.750939,0.891564,0.829044,0.844806,0.875978,0.750880
0.290000,0.813517,0.719650,0.922853,0.829044,0.844806,0.891623,0.735236
0.300000,0.829161,0.735294,0.938498,0.829044,0.876095,0.891623,0.782169
0.310000,0.891740,0.735294,0.922853,0.844689,0.860451,0.907267,0.797814
0.320000,0.891740,0.750939,0.907209,0.844689,0.860451,0.938556,0.829103
0.330000,0.891740,0.766583,0.922853,0.844689,0.876095,0.922912,0.876037
0.340000,0.907384,0.750939,0.938498,0.844689,0.876095,0.922912,0.891681
0.350000,0.922970,0.750939,0.954142,0.860334,0.876095,0.922912,0.891681
0.360000,0.922970,0.750939,0.954142,0.891623,0.907384,0.907267,0.907326
0.370000,0.922970,0.766583,0.969787,0.907267,0.907384,0.907267,0.922970
0.380000,0.938615,0.782228,0.985431,0.938556,0.876095,0.922853,0.938615
0.390000,0.938615,0.797872,1.001076,0.938556,0.891740,0.922853,0.954259
0.400000,0.938615,0.782228,1.001076,0.938556,0.860451,0.907209,0.954259
0.410000,0.938615,0.782228,1.001076,0.954201,0.860451,0.922853,0.985548
0.420000,0.907326,0.782228,1.001076,0.954201,0.876095,0.907209,1.001135
0.430000,0.922970,0.782228,1.001076,0.969845,0.891740,0.891564,0.985490
0.440000,0.938615,0.797872,1.016662,0.969845,0.891681,0.922795,1.016779
0.450000,0.938615,0.844806,1.032307,0.969845,0.922912,0.938439,1.032424
0.460000,0.938615,0.844806,1.047951,0.954201,0.922912,0.938439,1.032424
0.470000,0.954259,0.876095,1.047951,0.969845,0.954201,0.954084,1.032424
0.480000,0.969904,0.891740,1.047951,0.985490,0.954201,0.954084,1.032424
0.490000,0.969904,0.891740,1.047951,0.985490,0.969845,0.954084,1.063713
0.500000,0.969904,0.876095,1.063537,0.985490,0.969845,0.954084,1.063713
0.510000,0.985548,0.891740,1.063537,0.985490,0.985490,0.954084,1.063713
0.520000,0.985548,0.891740,1.047893,1.001135,0.969845,0.938439,1.063713
0.530000,0.969904,0.907384,1.047893,1.016779,0.985490,0.938439,1.079357
0.540000,0.985548,0.923029,1.063537,1.016779,0.969845,0.969728,1.063713
0.550000,0.969904,0.923029,1.079182,1.001135,0.969845,0.969728,1.079357
0.560000,0.969904,0.923029,1.079182,1.016779,0.969845,0.985373,1.063713
0.570000,0.969904,0.938673,1.094826,1.032424,0.969845,1.001017,1.063713
0.580000,0.969904,0.969962,1.079182,1.032424,0.954201,1.001017,1.079357
0.590000,0.985548,0.985607,1.079182,1.048068,0.954201,0.969728,1.079357
0.600000,1.001193,0.985607,1.110412,1.063713,0.969845,0.985373,1.095002
0.610000,1.016838,0.985607,1.094768,1.079357,0.954201,0.969728,1.063713
0.620000,1.001193,0.985607,1.094768,1.079299,0.938556,0.954084,1.048068
0.630000,0.985548,0.985607,1.094768,1.079299,0.954201,0.969728,1.048010
0.640000,0.985548,1.001252,1.126057,1.079299,0.954201,0.985373,1.079240
0.650000,0.969904,1.016896,1.110412,1.094885,0.969845,0.985373,1.079240
0.660000,0.985548,1.016896,1.126057,1.094885,0.954201,0.985373,1.063596
0.670000,0.985490,1.032541,1.110412,1.094885,0.938556,1.016662,1.063596
0.680000,0.985490,1.032541,1.110412,1.110471,0.938556,1.063537,1.063596
0.690000,1.032424,1.063830,1.110412,1.110471,0.938556,1.094826,1.063596
0.700000,1.063713,1.079474,1.110412,1.110471,0.938556,1.094826,1.047951
0.710000,1.063713,1.079474,1.110412,1.110471,0.938556,1.094826,1.047951
0.720000,1.048068,1.095119,1.110412,1.110471,0.969845,1.079182,1.063596
0.730000,1.032424,1.110763,1.094768,1.110471,0.954201,1.094768,1.079240
0.740000,1.063654,1.095119,1.094768,1.126115,0.985490,1.110412,1.063596
0.750000,1.063654,1.079474,1.110412,1.110471,0.985490,1.141701,1.079240
0.760000,1.094943,1.079474,1.110412,1.094826,0.985490,1.141701,1.079240
0.770000,1.110588,1.095119,1.110412,1.094826,1.001135,1.126057,1.079240
0.780000,1.110588,1.095119,1.110412,1.110471,1.001135,1.110412,1.079240
0.790000,1.110588,1.095119,1.110412,1.110471,0.985490,1.126057,1.079240
0.800000,1.094943,1.142053,1.126057,1.094826,0.985490,1.110412,1.079240
0.810000,1.110588,1.157697,1.126057,1.063537,1.001135,1.126057,1.079240
0.820000,1.110588,1.188986,1.141701,1.063537,0.985490,1.126057,1.094885
0.830000,1.110588,1.204631,1.141701,1.079182,1.001135,1.126057,1.110529
0.840000,1.141877,1.204631,1.157346,1.079182,1.016779,1.110412,1.110529
0.850000,1.188811,1.204631,1.188518,1.094826,1.016779,1.172991,1.126115
0.860000,1.188811,1.220275,1.219749,1.126115,1.048010,1.204280,1.157346
0.870000,1.173166,1.235920,1.235335,1.141760,1.048010,1.204280,1.172991
0.880000,1.204455,1.235920,1.250979,1.126115,1.094943,1.204280,1.204280
0.890000,1.220100,1.235920,1.266624,1.141760,1.094943,1.204280,1.204280
0.900000,1.220100,1.235920,1.266624,1.141760,1.110588,1.204280,1.219866
0.910000,1.235744,1.204631,1.282268,1.141760,1.126232,1.219866,1.219866
0.920000,1.235744,1.220275,1.266624,1.173049,1.126232,1.219866,1.235510
0.930000,1.220100,1.251564,1.250979,1.157405,1.110588,1.219866,1.235510
0.940000,1.251389,1.267209,1.282151,1.157346,1.110588,1.219866,1.235510
0.950000,1.251389,1.251564,1.297737,1.172991,1.157522,1.251155,1.235510
0.960000,1.251389,1.267209,1.282093,1.188635,1.188752,1.251155,1.235510
0.970000,1.251330,1.235920,1.282093,1.204280,1.204397,1.282444,1.251096
0.980000,1.251330,1.235920,1.313382,1.204280,1.220041,1.329378,1.251096
0.990000,1.266916,1.251564,1.328968,1.251155,1.251330,1.345022,1.235452
1.000000,1.298147,1.251564,1.328968,1.266799,1.282619,1.345022,1.235452
