modelo,tipo,resposta_esperada,ic_inf,ic_sup
Nenhum e-mail,tratamento único,0.578849,0.392509,0.765188
Mens para todos,tratamento único,1.251564,0.977873,1.525256
Womens para todos,tratamento único,0.888404,0.658108,1.118700
X-Learner RF,modelo,1.015784,0.769255,1.262313
X-Learner XGB,modelo,1.015960,0.769388,1.262532
S-Learner XGB,modelo,1.172522,0.907672,1.437373
T-Learner XGB,modelo,1.187991,0.921425,1.454558
Chi,modelo,1.110120,0.852371,1.367868
ED,modelo,1.063128,0.810884,1.315371
CTS,modelo,1.078655,0.824595,1.332715
