fracao_tratada,X-Learner RF,X-Learner XGB,S-Learner XGB,T-Learner XGB,Chi,ED,CTS
0.000000,0.578849,0.578849,0.578849,0.578849,0.578849,0.578849,0.578849
0.010000,0.610079,0.594435,0.578849,0.594493,0.578849,0.578849,0.563204
0.020000,0.641310,0.610021,0.594493,0.594493,0.578849,0.594493,0.578849
0.030000,0.641310,0.625607,0.610138,0.610079,0.547559,0.578849,0.563204
0.040000,0.625665,0.656837,0.610138,0.625665,0.547559,0.578849,0.547559
0.050000,0.610021,0.672482,0.625782,0.641310,0.531915,0.610138,0.578849
0.060000,0.610021,0.656837,0.625782,0.625665,0.547559,0.610138,0.578849
0.070000,0.656896,0.672482,0.641368,0.656954,0.563204,0.594493,0.563204
0.080000,0.656837,0.703712,0.641368,0.656954,0.563204,0.594493,0.578849
0.090000,0.672482,0.703712,0.625724,0.672599,0.563204,0.625782,0.594493
0.100000,0.703771,0.703712,0.625724,0.656954,0.594493,0.625782,0.594493
0.110000,0.703771,0.703712,0.641368,0.672599,0.594493,0.657071,0.594493
0.120000,0.703771,0.688068,0.672657,0.672599,0.594493,0.657071,0.578849
0.130000,0.703771,0.703712,0.672657,0.703888,0.625724,0.672716,0.610138
0.140000,0.688068,0.703654,0.672657,0.688243,0.641368,0.657071,0.610138
0.150000,0.719298,0.688009,0.688243,0.703888,0.641368,0.641427,0.625782
0.160000,0.688009,0.688009,0.688243,0.688243,0.641368,0.641427,0.625782
0.170000,0.672365,0.703654,0.672540,0.719533,0.657013,0.688302,0.657071
0.180000,0.656720,0.719240,0.672540,0.703888,0.672657,0.703888,0.672716
0.190000,0.641076,0.719240,0.688185,0.719533,0.672657,0.719474,0.719591
0.200000,0.656720,0.734884,0.688185,0.735119,0.719591,0.735119,0.735236
0.210000,0.656720,0.766174,0.656896,0.797697,0.735236,0.766408,0.735236
0.220000,0.656662,0.750529,0.719415,0.797638,0.735236,0.781994,0.703946
0.230000,0.656662,0.766174,0.735002,0.797638,0.719591,0.781994,0.735177
0.240000,0.672306,0.750529,0.766291,0.797638,0.735236,0.797638,0.750763
0.250000,0.672306,0.766174,0.735002,0.813224,0.750880,0.797638,0.750763
0.260000,0.672306,0.813107,0.735002,0.828869,0.766466,0.797580,0.782052
0.270000,0.703537,0.797463,0.781935,0.860099,0.735177,0.813224,0.766408
0.280000,0.719181,0.813107,0.797521,0.844455,0.782052,0.813224,0.766349
0.290000,0.719181,0.797463,0.797521,0.844455,0.844513,0.797580,0.781994
0.300000,0.734767,0.797463,0.781877,0.875744,0.828869,0.828869,0.813283
0.310000,0.765998,0.797463,0.813107,0.891389,0.828869,0.813224,0.813283
0.320000,0.750353,0.781818,0.844338,0.891330,0.828869,0.828869,0.844572
0.330000,0.750353,0.781818,0.844338,0.906916,0.844513,0.844513,0.828927
0.340000,0.750353,0.781818,0.859982,0.859982,0.844513,0.844513,0.844572
0.350000,0.781584,0.797463,0.906741,0.859982,0.828869,0.813224,0.860158
0.360000,0.781526,0.813049,0.922385,0.859982,0.828869,0.813224,0.860158
0.370000,0.781526,0.828635,0.938030,0.859982,0.860099,0.828869,0.875803
0.380000,0.765881,0.828635,0.969319,0.906858,0.844455,0.828869,0.875803
0.390000,0.765881,0.875393,1.000608,0.906858,0.875685,0.844513,0.875803
0.400000,0.812815,0.859748,1.000608,0.906858,0.875685,0.844513,0.875744
0.410000,0.812815,0.844104,1.000608,0.906858,0.875685,0.813224,0.891330
0.420000,0.828459,0.859748,0.984963,0.906858,0.875685,0.828810,0.875685
0.430000,0.828459,0.859748,1.000608,0.922444,0.891330,0.844396,0.875685
0.440000,0.859748,0.844104,1.031838,0.984963,0.891330,0.859982,0.875685
0.450000,0.859748,0.844104,1.031838,0.984963,0.922619,0.875627,0.875685
0.460000,0.859690,0.844104,1.047483,0.984963,0.891330,0.906858,0.875627
0.470000,0.859690,0.859690,1.047483,0.969319,0.891330,0.891213,0.859982
0.480000,0.844045,0.875334,1.047483,0.969319,0.891330,0.906858,0.859982
0.490000,0.844045,0.906565,1.063128,1.000549,0.906916,0.922444,0.875627
0.500000,0.844045,0.906565,1.078714,0.984905,0.938205,0.922444,0.875627
0.510000,0.828401,0.906565,1.078714,0.984905,0.938205,0.922444,0.875627
0.520000,0.828401,0.890920,1.094358,1.000549,0.938205,0.922444,0.875627
0.530000,0.828401,0.890920,1.078714,1.016194,0.953850,0.938088,0.891213
0.540000,0.828401,0.890920,1.078714,1.031838,0.969494,0.938088,0.906858
0.550000,0.828401,0.890920,1.078714,1.016194,0.985080,0.969377,0.906858
0.560000,0.844045,0.890920,1.078714,1.016194,0.969436,0.985022,0.922502
0.570000,0.859690,0.906565,1.047424,1.047366,0.969436,0.985022,0.938147
0.580000,0.859690,0.922209,1.047424,1.031721,0.969436,0.985022,0.953791
0.590000,0.922151,0.922209,1.047424,1.047366,0.953791,1.000608,0.953791
0.600000,0.922151,0.953440,1.063069,1.047366,0.953791,1.000608,0.953791
0.610000,0.937737,0.953440,1.063069,1.047366,0.969436,0.984963,0.953791
0.620000,0.953323,0.937796,1.063069,1.063010,1.000725,0.984963,0.953791
0.630000,0.968968,0.937796,1.047424,1.063010,1.000725,1.016252,0.953791
0.640000,0.968968,0.969085,1.047424,1.063010,1.000725,1.016252,0.953791
0.650000,0.968968,0.969085,1.047424,1.063010,1.000725,1.031897,0.953791
0.660000,0.968968,0.969085,1.063069,1.094241,1.016311,1.031897,0.969436
0.670000,0.968968,0.984729,1.078714,1.078597,1.016311,1.047542,0.969436
0.680000,0.984612,1.016018,1.063069,1.078597,1.016311,1.047542,0.969436
0.690000,1.000198,1.016018,1.078714,1.094241,1.016311,1.047542,0.969436
0.700000,1.000198,1.016018,1.078714,1.094241,1.016311,1.047542,0.953791
0.710000,1.015843,1.016018,1.078714,1.094241,1.031955,1.047542,0.969436
0.720000,1.015784,1.016018,1.094358,1.094241,1.078889,1.047542,0.969436
0.730000,1.015784,1.016018,1.094358,1.094241,1.094534,1.063186,0.969436
0.740000,1.015784,1.016018,1.110003,1.094241,1.094534,1.047542,1.000666
0.750000,1.015784,1.016018,1.110003,1.125472,1.094534,1.047542,1.031897
0.760000,1.015784,1.047249,1.125647,1.141058,1.078889,1.047542,1.031897
0.770000,1.015784,1.031604,1.125647,1.141058,1.078889,1.047542,1.031838
0.780000,1.015784,1.031604,1.125647,1.141058,1.078889,1.047542,1.016194
0.790000,1.015784,1.015960,1.141233,1.156702,1.078889,1.047542,1.031780
0.800000,1.015784,1.015960,1.141233,1.156702,1.110120,1.047542,1.031780
0.810000,1.015784,1.015960,1.141233,1.172347,1.094475,1.047542,1.031780
0.820000,1.015784,1.015960,1.156878,1.172347,1.110120,1.063128,1.047424
0.830000,1.015784,1.015960,1.156878,1.203636,1.110120,1.063128,1.031780
0.840000,1.015784,1.015960,1.172522,1.187991,1.110120,1.063128,1.047366
0.850000,1.015784,1.015960,1.172522,1.187991,1.110120,1.063128,1.063010
0.860000,1.015784,1.015960,1.172522,1.187991,1.110120,1.063128,1.078655
0.870000,1.015784,1.015960,1.172522,1.187991,1.110120,1.063128,1.078655
0.880000,1.015784,1.015960,1.172522,1.187991,1.110120,1.063128,1.078655
0.890000,1.015784,1.015960,1.172522,1.187991,1.110120,1.063128,1.078655
0.900000,1.015784,1.015960,1.172522,1.187991,1.110120,1.063128,1.078655
0.910000,1.015784,1.015960,1.172522,1.187991,1.110120,1.063128,1.078655
0.920000,1.015784,1.015960,1.172522,1.187991,1.110120,1.063128,1.078655
0.930000,1.015784,1.015960,1.172522,1.187991,1.110120,1.063128,1.078655
0.940000,1.015784,1.015960,1.172522,1.187991,1.110120,1.063128,1.078655
0.950000,1.015784,1.015960,1.172522,1.187991,1.110120,1.063128,1.078655
0.960000,1.015784,1.015960,1.172522,1.187991,1.110120,1.063128,1.078655
0.970000,1.015784,1.015960,1.172522,1.187991,1.110120,1.063128,1.078655
0.980000,1.015784,1.015960,1.172522,1.187991,1.110120,1.063128,1.078655
0.990000,1.015784,1.015960,1.172522,1.187991,1.110120,1.063128,1.078655
1.000000,1.015784,1.015960,1.172522,1.187991,1.110120,1.063128,1.078655
